{"cameraMode":{"drawMode":0,"name":"Shaded","section":"Shading Mode"},"sceneLighting":false,"audioPlay":false,"sceneViewState":{"showFog":true,"showMaterialUpdate":false,"showSkybox":true,"showFlares":true,"showImageEffects":true,"showParticleSystems":true},"in2DMode":false,"pivot":{"x":-2.8233625888824465,"y":0.7999998927116394,"z":-0.974035382270813},"rotation":{"x":0.1264093518257141,"y":-0.8726306557655335,"z":0.3109574317932129,"w":0.354742169380188},"size":4.5726141929626469,"orthographic":false}