{"cameraMode":{"drawMode":0,"name":"Shaded","section":"Shading Mode"},"sceneLighting":true,"audioPlay":false,"sceneViewState":{"showFog":true,"showMaterialUpdate":false,"showSkybox":true,"showFlares":true,"showImageEffects":true,"showParticleSystems":true},"in2DMode":false,"pivot":{"x":102.39306640625,"y":153.3791961669922,"z":137.31021118164063},"rotation":{"x":0.1264093518257141,"y":-0.8726306557655335,"z":0.3109574317932129,"w":0.354742169380188},"size":13.534244537353516,"orthographic":false}